pokedex_number,name,hp,attack,defense,sp_attack,sp_defense,speed,base_total,type1,type2,weight_kg,generation,is_legendary,is_starter,capture_rate,experience_growth,evolution_stage
1,Bulbasaur,45,49,49,65,65,45,318,grass,poison,6.9,1,0,1,45,1059860,1
2,Ivysaur,60,62,63,80,80,60,405,grass,poison,13,1,0,1,45,1059860,2
3,Venusaur,80,100,123,122,120,80,625,grass,poison,100,1,0,1,45,1059860,3
4,Charmander,39,52,43,60,50,65,309,fire,,8.5,1,0,1,45,1059860,1
5,Charmeleon,58,64,58,80,65,80,405,fire,,19,1,0,1,45,1059860,2
6,Charizard,78,104,78,159,115,100,634,fire,flying,90.5,1,0,1,45,1059860,3
7,Squirtle,44,48,65,50,64,43,314,water,,9,1,0,1,45,1059860,1
8,Wartortle,59,63,80,65,80,58,405,water,,22.5,1,0,1,45,1059860,2
9,Blastoise,79,103,120,135,115,78,630,water,,85.5,1,0,1,45,1059860,3
10,Caterpie,45,30,35,20,20,45,195,bug,,2.9,1,0,0,255,1000000,1
11,Metapod,50,20,55,25,25,30,205,bug,,9.9,1,0,0,120,1000000,2
12,Butterfree,60,45,50,90,80,70,395,bug,flying,32,1,0,0,45,1000000,3
13,Weedle,40,35,30,20,20,50,195,bug,poison,3.2,1,0,0,255,1000000,1
14,Kakuna,45,25,50,25,25,35,205,bug,poison,10,1,0,0,120,1000000,2
15,Beedrill,65,150,40,15,80,145,495,bug,poison,29.5,1,0,0,45,1000000,3
16,Pidgey,40,45,40,35,35,56,251,normal,flying,1.8,1,0,0,255,1059860,1
17,Pidgeotto,63,60,55,50,50,71,349,normal,flying,30,1,0,0,120,1059860,2
18,Pidgeot,83,80,80,135,80,121,579,normal,flying,39.5,1,0,0,45,1059860,3
19,Rattata,30,56,35,25,35,72,253,normal,dark,,1,0,0,255,1000000,1
20,Raticate,75,71,70,40,80,77,413,normal,dark,,1,0,0,127,1000000,2
21,Spearow,40,60,30,31,31,70,262,normal,flying,2,1,0,0,255,1000000,1
22,Fearow,65,90,65,61,61,100,442,normal,flying,38,1,0,0,90,1000000,2
23,Ekans,35,60,44,40,54,55,288,poison,,6.9,1,0,0,255,1000000,1
24,Arbok,60,95,69,65,79,80,448,poison,,65,1,0,0,90,1000000,2
25,Pikachu,35,55,40,50,50,90,320,electric,,6,1,0,0,190,1000000,1
26,Raichu,60,85,50,95,85,110,485,electric,electric,,1,0,0,75,1000000,2
27,Sandshrew,50,75,90,10,35,40,300,ground,ice,,1,0,0,255,1000000,1
28,Sandslash,75,100,120,25,65,65,450,ground,ice,,1,0,0,90,1000000,2
29,Nidoran (female),55,47,52,40,40,41,275,poison,,7,1,0,0,235,1059860,1
30,Nidorina,70,62,67,55,55,56,365,poison,,20,1,0,0,120,1059860,2
31,Nidoqueen,90,92,87,75,85,76,505,poison,ground,60,1,0,0,45,1059860,3
32,Nidoran (male),46,57,40,40,40,50,273,poison,,9,1,0,0,235,1059860,1
33,Nidorino,61,72,57,55,55,65,365,poison,,19.5,1,0,0,120,1059860,2
34,Nidoking,81,102,77,85,75,85,505,poison,ground,62,1,0,0,45,1059860,3
35,Clefairy,70,45,48,60,65,35,323,fairy,,7.5,1,0,0,150,800000,1
36,Clefable,95,70,73,95,90,60,483,fairy,,40,1,0,0,25,800000,2
37,Vulpix,38,41,40,50,65,65,299,fire,ice,,1,0,0,190,1000000,1
38,Ninetales,73,67,75,81,100,109,505,fire,ice,,1,0,0,75,1000000,2
39,Jigglypuff,115,45,20,45,25,20,270,normal,fairy,5.5,1,0,0,170,800000,1
40,Wigglytuff,140,70,45,85,50,45,435,normal,fairy,12,1,0,0,50,800000,2
41,Zubat,40,45,35,30,40,55,245,poison,flying,7.5,1,0,0,255,1000000,1
42,Golbat,75,80,70,65,75,90,455,poison,flying,55,1,0,0,90,1000000,2
43,Oddish,45,50,55,75,65,30,320,grass,poison,5.4,1,0,0,255,1059860,1
44,Gloom,60,65,70,85,75,40,395,grass,poison,8.6,1,0,0,120,1059860,2
45,Vileplume,75,80,85,110,90,50,490,grass,poison,18.6,1,0,0,45,1059860,3
46,Paras,35,70,55,45,55,25,285,bug,grass,5.4,1,0,0,190,1000000,1
47,Parasect,60,95,80,60,80,30,405,bug,grass,29.5,1,0,0,75,1000000,2
48,Venonat,60,55,50,40,55,45,305,bug,poison,30,1,0,0,190,1000000,1
49,Venomoth,70,65,60,90,75,90,450,bug,poison,12.5,1,0,0,75,1000000,2
50,Diglett,10,55,30,35,45,90,265,ground,ground,,1,0,0,255,1000000,1
51,Dugtrio,35,100,60,50,70,110,425,ground,ground,,1,0,0,50,1000000,2
52,Meowth,40,35,35,50,40,90,290,normal,dark,,1,0,0,255,1000000,1
53,Persian,65,60,60,75,65,115,440,normal,dark,,1,0,0,90,1000000,2
54,Psyduck,50,52,48,65,50,55,320,water,,19.6,1,0,0,190,1000000,1
55,Golduck,80,82,78,95,80,85,500,water,,76.6,1,0,0,75,1000000,2
56,Mankey,40,80,35,35,45,70,305,fighting,,28,1,0,0,190,1000000,1
57,Primeape,65,105,60,60,70,95,455,fighting,,32,1,0,0,75,1000000,2
58,Growlithe,55,70,45,70,50,60,350,fire,,19,1,0,0,190,1250000,1
59,Arcanine,90,110,80,100,80,95,555,fire,,155,1,0,0,75,1250000,2
60,Poliwag,40,50,40,40,40,90,300,water,,12.4,1,0,0,255,1059860,1
61,Poliwhirl,65,65,65,50,50,90,385,water,,20,1,0,0,120,1059860,2
62,Poliwrath,90,95,95,70,90,70,510,water,fighting,54,1,0,0,45,1059860,3
63,Abra,25,20,15,105,55,90,310,psychic,,19.5,1,0,0,200,1059860,1
64,Kadabra,40,35,30,120,70,105,400,psychic,,56.5,1,0,0,100,1059860,2
65,Alakazam,55,50,65,175,105,150,600,psychic,,48,1,0,0,50,1059860,3
66,Machop,70,80,50,35,35,35,305,fighting,,19.5,1,0,0,180,1059860,1
67,Machoke,80,100,70,50,60,45,405,fighting,,70.5,1,0,0,90,1059860,2
68,Machamp,90,130,80,65,85,55,505,fighting,,130,1,0,0,45,1059860,3
69,Bellsprout,50,75,35,70,30,40,300,grass,poison,4,1,0,0,255,1059860,1
70,Weepinbell,65,90,50,85,45,55,390,grass,poison,6.4,1,0,0,120,1059860,2
71,Victreebel,80,105,65,100,70,70,490,grass,poison,15.5,1,0,0,45,1059860,3
72,Tentacool,40,40,35,50,100,70,335,water,poison,45.5,1,0,0,190,1250000,1
73,Tentacruel,80,70,65,80,120,100,515,water,poison,55,1,0,0,60,1250000,2
74,Geodude,40,80,100,30,30,20,300,rock,ground,,1,0,0,255,1059860,1
75,Graveler,55,95,115,45,45,35,390,rock,ground,,1,0,0,120,1059860,2
76,Golem,80,120,130,55,65,45,495,rock,ground,,1,0,0,45,1059860,3
77,Ponyta,50,85,55,65,65,90,410,fire,,30,1,0,0,190,1000000,1
78,Rapidash,65,100,70,80,80,105,500,fire,,95,1,0,0,60,1000000,2
79,Slowpoke,90,65,65,40,40,15,315,water,psychic,36,1,0,0,190,1000000,1
80,Slowbro,95,75,180,130,80,30,590,water,psychic,78.5,1,0,0,75,1000000,2
81,Magnemite,25,35,70,95,55,45,325,electric,steel,6,1,0,0,190,1000000,1
82,Magneton,50,60,95,120,70,70,465,electric,steel,60,1,0,0,60,1000000,2
83,Farfetch'd,52,90,55,58,62,60,377,normal,flying,15,1,0,0,45,1000000,0
84,Doduo,35,85,45,35,35,75,310,normal,flying,39.2,1,0,0,190,1000000,1
85,Dodrio,60,110,70,60,60,110,470,normal,flying,85.2,1,0,0,45,1000000,2
86,Seel,65,45,55,45,70,45,325,water,,90,1,0,0,190,1000000,1
87,Dewgong,90,70,80,70,95,70,475,water,ice,120,1,0,0,75,1000000,2
88,Grimer,80,80,50,40,50,25,325,poison,poison,,1,0,0,190,1000000,1
89,Muk,105,105,75,65,100,50,500,poison,poison,,1,0,0,75,1000000,2
90,Shellder,30,65,100,45,25,40,305,water,,4,1,0,0,190,1250000,1
91,Cloyster,50,95,180,85,45,70,525,water,ice,132.5,1,0,0,60,1250000,2
92,Gastly,30,35,30,100,35,80,310,ghost,poison,0.1,1,0,0,190,1059860,1
93,Haunter,45,50,45,115,55,95,405,ghost,poison,0.1,1,0,0,90,1059860,2
94,Gengar,60,65,80,170,95,130,600,ghost,poison,40.5,1,0,0,45,1059860,3
95,Onix,35,45,160,30,45,70,385,rock,ground,210,1,0,0,45,1000000,1
96,Drowzee,60,48,45,43,90,42,328,psychic,,32.4,1,0,0,190,1000000,1
97,Hypno,85,73,70,73,115,67,483,psychic,,75.6,1,0,0,75,1000000,2
98,Krabby,30,105,90,25,25,50,325,water,,6.5,1,0,0,225,1000000,1
99,Kingler,55,130,115,50,50,75,475,water,,60,1,0,0,60,1000000,2
100,Voltorb,40,30,50,55,55,100,330,electric,,10.4,1,0,0,190,1000000,1
101,Electrode,60,50,70,80,80,150,490,electric,,66.6,1,0,0,60,1000000,2
102,Exeggcute,60,40,80,60,45,40,325,grass,psychic,2.5,1,0,0,90,1250000,1
103,Exeggutor,95,105,85,125,75,45,530,grass,psychic,,1,0,0,45,1250000,2
104,Cubone,50,50,95,40,50,35,320,ground,,6.5,1,0,0,190,1000000,1
105,Marowak,60,80,110,50,80,45,425,ground,fire,,1,0,0,75,1000000,2
106,Hitmonlee,50,120,53,35,110,87,455,fighting,,49.8,1,0,0,45,1000000,0
107,Hitmonchan,50,105,79,35,110,76,455,fighting,,50.2,1,0,0,45,1000000,0
108,Lickitung,90,55,75,60,75,30,385,normal,,65.5,1,0,0,45,1000000,1
109,Koffing,40,65,95,60,45,35,340,poison,,1,1,0,0,190,1000000,1
110,Weezing,65,90,120,85,70,60,490,poison,,9.5,1,0,0,60,1000000,2
111,Rhyhorn,80,85,95,30,30,25,345,ground,rock,115,1,0,0,120,1250000,1
112,Rhydon,105,130,120,45,45,40,485,ground,rock,120,1,0,0,60,1250000,2
113,Chansey,250,5,5,35,105,50,450,normal,,34.6,1,0,0,30,800000,1
114,Tangela,65,55,115,100,40,60,435,grass,,35,1,0,0,45,1000000,1
115,Kangaskhan,105,125,100,60,100,100,590,normal,,80,1,0,0,45,1000000,0
116,Horsea,30,40,70,70,25,60,295,water,,8,1,0,0,225,1000000,1
117,Seadra,55,65,95,95,45,85,440,water,,25,1,0,0,75,1000000,2
118,Goldeen,45,67,60,35,50,63,320,water,,15,1,0,0,225,1000000,1
119,Seaking,80,92,65,65,80,68,450,water,,39,1,0,0,60,1000000,2
120,Staryu,30,45,55,70,55,85,340,water,,34.5,1,0,0,225,1250000,1
121,Starmie,60,75,85,100,85,115,520,water,psychic,80,1,0,0,60,1250000,2
122,Mr. Mime,40,45,65,100,120,90,460,psychic,fairy,54.5,1,0,0,45,1000000,0
123,Scyther,70,110,80,55,80,105,500,bug,flying,56,1,0,0,45,1000000,1
124,Jynx,65,50,35,115,95,95,455,ice,psychic,40.6,1,0,0,45,1000000,0
125,Electabuzz,65,83,57,95,85,105,490,electric,,30,1,0,0,45,1000000,1
126,Magmar,65,95,57,100,85,93,495,fire,,44.5,1,0,0,45,1000000,1
127,Pinsir,65,155,120,65,90,105,600,bug,,55,1,0,0,45,1250000,0
128,Tauros,75,100,95,40,70,110,490,normal,,88.4,1,0,0,45,1250000,0
129,Magikarp,20,10,55,15,20,80,200,water,,10,1,0,0,255,1250000,1
130,Gyarados,95,155,109,70,130,81,640,water,flying,235,1,0,0,45,1250000,2
131,Lapras,130,85,80,85,95,60,535,water,ice,220,1,0,0,45,1250000,0
132,Ditto,48,48,48,48,48,48,288,normal,,4,1,0,0,35,1000000,0
133,Eevee,55,55,50,45,65,55,325,normal,,6.5,1,0,0,45,1000000,1
134,Vaporeon,130,65,60,110,95,65,525,water,,29,1,0,0,45,1000000,2
135,Jolteon,65,65,60,110,95,130,525,electric,,24.5,1,0,0,45,1000000,2
136,Flareon,65,130,60,95,110,65,525,fire,,25,1,0,0,45,1000000,2
137,Porygon,65,60,70,85,75,40,395,normal,,36.5,1,0,0,45,1000000,1
138,Omanyte,35,40,100,90,55,35,355,rock,water,7.5,1,0,0,45,1000000,1
139,Omastar,70,60,125,115,70,55,495,rock,water,35,1,0,0,45,1000000,2
140,Kabuto,30,80,90,55,45,55,355,rock,water,11.5,1,0,0,45,1000000,1
141,Kabutops,60,115,105,65,70,80,495,rock,water,40.5,1,0,0,45,1000000,2
142,Aerodactyl,80,135,85,70,95,150,615,rock,flying,59,1,0,0,45,1250000,0
143,Snorlax,160,110,65,65,110,30,540,normal,,460,1,0,0,25,1250000,0
144,Articuno,90,85,100,95,125,85,580,ice,flying,55.4,1,1,0,3,1250000,0
145,Zapdos,90,90,85,125,90,100,580,electric,flying,52.6,1,1,0,3,1250000,0
146,Moltres,90,100,90,125,85,90,580,fire,flying,60,1,1,0,3,1250000,0
147,Dratini,41,64,45,50,50,50,300,dragon,,3.3,1,0,0,45,1250000,1
148,Dragonair,61,84,65,70,70,70,420,dragon,,16.5,1,0,0,45,1250000,2
149,Dragonite,91,134,95,100,100,80,600,dragon,flying,210,1,0,0,45,1250000,3
150,Mewtwo,106,150,70,194,120,140,780,psychic,,122,1,1,0,3,1250000,0
151,Mew,100,100,100,100,100,100,600,psychic,,4,1,1,0,45,1059860,0
152,Chikorita,45,49,65,49,65,45,318,grass,,6.4,2,0,1,45,1059860,1
153,Bayleef,60,62,80,63,80,60,405,grass,,15.8,2,0,1,45,1059860,2
154,Meganium,80,82,100,83,100,80,525,grass,,100.5,2,0,1,45,1059860,3
155,Cyndaquil,39,52,43,60,50,65,309,fire,,7.9,2,0,1,45,1059860,1
156,Quilava,58,64,58,80,65,80,405,fire,,19,2,0,1,45,1059860,2
157,Typhlosion,78,84,78,109,85,100,534,fire,,79.5,2,0,1,45,1059860,3
158,Totodile,50,65,64,44,48,43,314,water,,9.5,2,0,1,45,1059860,1
159,Croconaw,65,80,80,59,63,58,405,water,,25,2,0,1,45,1059860,2
160,Feraligatr,85,105,100,79,83,78,530,water,,88.8,2,0,1,45,1059860,3
161,Sentret,35,46,34,35,45,20,215,normal,,6,2,0,0,255,1000000,1
162,Furret,85,76,64,45,55,90,415,normal,,32.5,2,0,0,90,1000000,2
163,Hoothoot,60,30,30,36,56,50,262,normal,flying,21.2,2,0,0,255,1000000,1
164,Noctowl,100,50,50,86,96,70,452,normal,flying,40.8,2,0,0,90,1000000,2
165,Ledyba,40,20,30,40,80,55,265,bug,flying,10.8,2,0,0,255,800000,1
166,Ledian,55,35,50,55,110,85,390,bug,flying,35.6,2,0,0,90,800000,2
167,Spinarak,40,60,40,40,40,30,250,bug,poison,8.5,2,0,0,255,800000,1
168,Ariados,70,90,70,60,70,40,400,bug,poison,33.5,2,0,0,90,800000,2
169,Crobat,85,90,80,70,80,130,535,poison,flying,75,2,0,0,90,1000000,3
170,Chinchou,75,38,38,56,56,67,330,water,electric,12,2,0,0,190,1250000,1
171,Lanturn,125,58,58,76,76,67,460,water,electric,22.5,2,0,0,75,1250000,2
172,Pichu,20,40,15,35,35,60,205,electric,,2,2,0,0,190,1000000,-1
173,Cleffa,50,25,28,45,55,15,218,fairy,,3,2,0,0,150,800000,-1
174,Igglybuff,90,30,15,40,20,15,210,normal,fairy,1,2,0,0,170,800000,-1
175,Togepi,35,20,65,40,65,20,245,fairy,,1.5,2,0,0,190,800000,1
176,Togetic,55,40,85,80,105,40,405,fairy,flying,3.2,2,0,0,75,800000,2
177,Natu,40,50,45,70,45,70,320,psychic,flying,2,2,0,0,190,1000000,1
178,Xatu,65,75,70,95,70,95,470,psychic,flying,15,2,0,0,75,1000000,2
179,Mareep,55,40,40,65,45,35,280,electric,,7.8,2,0,0,235,1059860,1
180,Flaaffy,70,55,55,80,60,45,365,electric,,13.3,2,0,0,120,1059860,2
181,Ampharos,90,95,105,165,110,45,610,electric,,61.5,2,0,0,45,1059860,3
182,Bellossom,75,80,95,90,100,50,490,grass,,5.8,2,0,0,45,1059860,3
183,Marill,70,20,50,20,50,40,250,water,fairy,8.5,2,0,0,190,800000,1
184,Azumarill,100,50,80,60,80,50,420,water,fairy,28.5,2,0,0,75,800000,2
185,Sudowoodo,70,100,115,30,65,30,410,rock,,38,2,0,0,65,1000000,0
186,Politoed,90,75,75,90,100,70,500,water,,33.9,2,0,0,45,1059860,3
187,Hoppip,35,35,40,35,55,50,250,grass,flying,0.5,2,0,0,255,1059860,1
188,Skiploom,55,45,50,45,65,80,340,grass,flying,1,2,0,0,120,1059860,2
189,Jumpluff,75,55,70,55,95,110,460,grass,flying,3,2,0,0,45,1059860,3
190,Aipom,55,70,55,40,55,85,360,normal,,11.5,2,0,0,45,800000,1
191,Sunkern,30,30,30,30,30,30,180,grass,,1.8,2,0,0,235,1059860,1
192,Sunflora,75,75,55,105,85,30,425,grass,,8.5,2,0,0,120,1059860,2
193,Yanma,65,65,45,75,45,95,390,bug,flying,38,2,0,0,75,1000000,1
194,Wooper,55,45,45,25,25,15,210,water,ground,8.5,2,0,0,255,1000000,1
195,Quagsire,95,85,85,65,65,35,430,water,ground,75,2,0,0,90,1000000,2
196,Espeon,65,65,60,130,95,110,525,psychic,,26.5,2,0,0,45,1000000,2
197,Umbreon,95,65,110,60,130,65,525,dark,,27,2,0,0,45,1000000,2
198,Murkrow,60,85,42,85,42,91,405,dark,flying,2.1,2,0,0,30,1059860,1
199,Slowking,95,75,80,100,110,30,490,water,psychic,79.5,2,0,0,70,1000000,2
200,Misdreavus,60,60,60,85,85,85,435,ghost,,1,2,0,0,45,800000,1
201,Unown,48,72,48,72,48,48,336,psychic,,5,2,0,0,225,1000000,0
202,Wobbuffet,190,33,58,33,58,33,405,psychic,,28.5,2,0,0,45,1000000,0
203,Girafarig,70,80,65,90,65,85,455,normal,psychic,41.5,2,0,0,60,1000000,0
204,Pineco,50,65,90,35,35,15,290,bug,,7.2,2,0,0,190,1000000,1
205,Forretress,75,90,140,60,60,40,465,bug,steel,125.8,2,0,0,75,1000000,2
206,Dunsparce,100,70,70,65,65,45,415,normal,,14,2,0,0,190,1000000,0
207,Gligar,65,75,105,35,65,85,430,ground,flying,64.8,2,0,0,60,1059860,1
208,Steelix,75,125,230,55,95,30,610,steel,ground,400,2,0,0,25,1000000,2
209,Snubbull,60,80,50,40,40,30,300,fairy,,7.8,2,0,0,190,800000,1
210,Granbull,90,120,75,60,60,45,450,fairy,,48.7,2,0,0,75,800000,2
211,Qwilfish,65,95,85,55,55,85,440,water,poison,3.9,2,0,0,45,1000000,0
212,Scizor,70,150,140,65,100,75,600,bug,steel,118,2,0,0,25,1000000,2
213,Shuckle,20,10,230,10,230,5,505,bug,rock,20.5,2,0,0,190,1059860,0
214,Heracross,80,185,115,40,105,75,600,bug,fighting,54,2,0,0,45,1250000,0
215,Sneasel,55,95,55,35,75,115,430,dark,ice,28,2,0,0,60,1059860,1
216,Teddiursa,60,80,50,50,50,40,330,normal,,8.8,2,0,0,120,1000000,1
217,Ursaring,90,130,75,75,75,55,500,normal,,125.8,2,0,0,60,1000000,2
218,Slugma,40,40,40,70,40,20,250,fire,,35,2,0,0,190,1000000,1
219,Magcargo,60,50,120,90,80,30,430,fire,rock,55,2,0,0,75,1000000,2
220,Swinub,50,50,40,30,30,50,250,ice,ground,6.5,2,0,0,225,1250000,1
221,Piloswine,100,100,80,60,60,50,450,ice,ground,55.8,2,0,0,75,1250000,2
222,Corsola,65,55,95,65,95,35,410,water,rock,5,2,0,0,60,800000,0
223,Remoraid,35,65,35,65,35,65,300,water,,12,2,0,0,190,1000000,1
224,Octillery,75,105,75,105,75,45,480,water,,28.5,2,0,0,75,1000000,2
225,Delibird,45,55,45,65,45,75,330,ice,flying,16,2,0,0,45,800000,0
226,Mantine,85,40,70,80,140,70,485,water,flying,220,2,0,0,25,1250000,0
227,Skarmory,65,80,140,40,70,70,465,steel,flying,50.5,2,0,0,25,1250000,0
228,Houndour,45,60,30,80,50,65,330,dark,fire,10.8,2,0,0,120,1250000,1
229,Houndoom,75,90,90,140,90,115,600,dark,fire,35,2,0,0,45,1250000,2
230,Kingdra,75,95,95,95,95,85,540,water,dragon,152,2,0,0,45,1000000,3
231,Phanpy,90,60,60,40,40,40,330,ground,,33.5,2,0,0,120,1000000,1
232,Donphan,90,120,120,60,60,50,500,ground,,120,2,0,0,60,1000000,2
233,Porygon2,85,80,90,105,95,60,515,normal,,32.5,2,0,0,45,1000000,2
234,Stantler,73,95,62,85,65,85,465,normal,,71.2,2,0,0,45,1250000,0
235,Smeargle,55,20,35,20,45,75,250,normal,,58,2,0,0,45,800000,0
236,Tyrogue,35,35,35,35,35,35,210,fighting,,21,2,0,0,75,1000000,-1
237,Hitmontop,50,95,95,35,110,70,455,fighting,,48,2,0,0,45,1000000,0
238,Smoochum,45,30,15,85,65,65,305,ice,psychic,6,2,0,0,45,1000000,-1
239,Elekid,45,63,37,65,55,95,360,electric,,23.5,2,0,0,45,1000000,-1
240,Magby,45,75,37,70,55,83,365,fire,,21.4,2,0,0,45,1000000,-1
241,Miltank,95,80,105,40,70,100,490,normal,,75.5,2,0,0,45,1250000,0
242,Blissey,255,10,10,75,135,55,540,normal,,46.8,2,0,0,30,800000,2
243,Raikou,90,85,75,115,100,115,580,electric,,178,2,1,0,3,1250000,0
244,Entei,115,115,85,90,75,100,580,fire,,198,2,1,0,3,1250000,0
245,Suicune,100,75,115,90,115,85,580,water,,187,2,1,0,3,1250000,0
246,Larvitar,50,64,50,45,50,41,300,rock,ground,72,2,0,0,45,1250000,1
247,Pupitar,70,84,70,65,70,51,410,rock,ground,152,2,0,0,45,1250000,2
248,Tyranitar,100,164,150,95,120,71,700,rock,dark,202,2,0,0,45,1250000,3
249,Lugia,106,90,130,90,154,110,680,psychic,flying,216,2,1,0,3,1250000,0
250,Ho-Oh,106,130,90,110,154,90,680,fire,flying,199,2,1,0,3,1250000,0
251,Celebi,100,100,100,100,100,100,600,psychic,grass,5,2,1,0,45,1059860,0
252,Treecko,40,45,35,65,55,70,310,grass,,5,3,0,1,45,1059860,1
253,Grovyle,50,65,45,85,65,95,405,grass,,21.6,3,0,1,45,1059860,2
254,Sceptile,70,110,75,145,85,145,630,grass,,52.2,3,0,1,45,1059860,3
255,Torchic,45,60,40,70,50,45,310,fire,,2.5,3,0,1,45,1059860,1
256,Combusken,60,85,60,85,60,55,405,fire,fighting,19.5,3,0,1,45,1059860,2
257,Blaziken,80,160,80,130,80,100,630,fire,fighting,52,3,0,1,45,1059860,3
258,Mudkip,50,70,50,50,50,40,310,water,,7.6,3,0,1,45,1059860,1
259,Marshtomp,70,85,70,60,70,50,405,water,ground,28,3,0,1,45,1059860,2
260,Swampert,100,150,110,95,110,70,635,water,ground,81.9,3,0,1,45,1059860,3
261,Poochyena,35,55,35,30,30,35,220,dark,,13.6,3,0,0,255,1000000,1
262,Mightyena,70,90,70,60,60,70,420,dark,,37,3,0,0,127,1000000,2
263,Zigzagoon,38,30,41,30,41,60,240,normal,,17.5,3,0,0,255,1000000,1
264,Linoone,78,70,61,50,61,100,420,normal,,32.5,3,0,0,90,1000000,2
265,Wurmple,45,45,35,20,30,20,195,bug,,3.6,3,0,0,255,1000000,1
266,Silcoon,50,35,55,25,25,15,205,bug,,10,3,0,0,120,1000000,2
267,Beautifly,60,70,50,100,50,65,395,bug,flying,28.4,3,0,0,45,1000000,3
268,Cascoon,50,35,55,25,25,15,205,bug,,11.5,3,0,0,120,1000000,2
269,Dustox,60,50,70,50,90,65,385,bug,poison,31.6,3,0,0,45,1000000,3
270,Lotad,40,30,30,40,50,30,220,water,grass,2.6,3,0,0,255,1059860,1
271,Lombre,60,50,50,60,70,50,340,water,grass,32.5,3,0,0,120,1059860,2
272,Ludicolo,80,70,70,90,100,70,480,water,grass,55,3,0,0,45,1059860,3
273,Seedot,40,40,50,30,30,30,220,grass,,4,3,0,0,255,1059860,1
274,Nuzleaf,70,70,40,60,40,60,340,grass,dark,28,3,0,0,120,1059860,2
275,Shiftry,90,100,60,90,60,80,480,grass,dark,59.6,3,0,0,45,1059860,3
276,Taillow,40,55,30,30,30,85,270,normal,flying,2.3,3,0,0,200,1059860,1
277,Swellow,60,85,60,75,50,125,455,normal,flying,19.8,3,0,0,45,1059860,2
278,Wingull,40,30,30,55,30,85,270,water,flying,9.5,3,0,0,190,1000000,1
279,Pelipper,60,50,100,95,70,65,440,water,flying,28,3,0,0,45,1000000,2
280,Ralts,28,25,25,45,35,40,198,psychic,fairy,6.6,3,0,0,235,1250000,1
281,Kirlia,38,35,35,65,55,50,278,psychic,fairy,20.2,3,0,0,120,1250000,2
282,Gardevoir,68,85,65,165,135,100,618,psychic,fairy,48.4,3,0,0,45,1250000,3
283,Surskit,40,30,32,50,52,65,269,bug,water,1.7,3,0,0,200,1000000,1
284,Masquerain,70,60,62,100,82,80,454,bug,flying,3.6,3,0,0,75,1000000,2
285,Shroomish,60,40,60,40,60,35,295,grass,,4.5,3,0,0,255,1640000,1
286,Breloom,60,130,80,60,60,70,460,grass,fighting,39.2,3,0,0,90,1640000,2
287,Slakoth,60,60,60,35,35,30,280,normal,,24,3,0,0,255,1250000,1
288,Vigoroth,80,80,80,55,55,90,440,normal,,46.5,3,0,0,120,1250000,2
289,Slaking,150,160,100,95,65,100,670,normal,,130.5,3,0,0,45,1250000,3
290,Nincada,31,45,90,30,30,40,266,bug,ground,5.5,3,0,0,255,600000,1
291,Ninjask,61,90,45,50,50,160,456,bug,flying,12,3,0,0,120,600000,2
292,Shedinja,1,90,45,30,30,40,236,bug,ghost,1.2,3,0,0,45,600000,2
293,Whismur,64,51,23,51,23,28,240,normal,,16.3,3,0,0,190,1059860,1
294,Loudred,84,71,43,71,43,48,360,normal,,40.5,3,0,0,120,1059860,2
295,Exploud,104,91,63,91,73,68,490,normal,,84,3,0,0,45,1059860,3
296,Makuhita,72,60,30,20,30,25,237,fighting,,86.4,3,0,0,180,1640000,1
297,Hariyama,144,120,60,40,60,50,474,fighting,,253.8,3,0,0,200,1640000,2
298,Azurill,50,20,40,20,40,20,190,normal,fairy,2,3,0,0,150,800000,-1
299,Nosepass,30,45,135,45,90,30,375,rock,,97,3,0,0,255,1000000,1
300,Skitty,50,45,45,35,35,50,260,normal,,11,3,0,0,255,800000,1
301,Delcatty,70,65,65,55,55,90,400,normal,,32.6,3,0,0,60,800000,2
302,Sableye,50,85,125,85,115,20,480,dark,ghost,11,3,0,0,45,1059860,0
303,Mawile,50,105,125,55,95,50,480,steel,fairy,11.5,3,0,0,45,800000,0
304,Aron,50,70,100,40,40,30,330,steel,rock,60,3,0,0,180,1250000,1
305,Lairon,60,90,140,50,50,40,430,steel,rock,120,3,0,0,90,1250000,2
306,Aggron,70,140,230,60,80,50,630,steel,rock,360,3,0,0,45,1250000,3
307,Meditite,30,40,55,40,55,60,280,fighting,psychic,11.2,3,0,0,180,1000000,1
308,Medicham,60,100,85,80,85,100,510,fighting,psychic,31.5,3,0,0,90,1000000,2
309,Electrike,40,45,40,65,40,65,295,electric,,15.2,3,0,0,120,1250000,1
310,Manectric,70,75,80,135,80,135,575,electric,,40.2,3,0,0,45,1250000,2
311,Plusle,60,50,40,85,75,95,405,electric,,4.2,3,0,0,200,1000000,0
312,Minun,60,40,50,75,85,95,405,electric,,4.2,3,0,0,200,1000000,0
313,Volbeat,65,73,75,47,85,85,430,bug,,17.7,3,0,0,150,600000,0
314,Illumise,65,47,75,73,85,85,430,bug,,17.7,3,0,0,150,1640000,0
315,Roselia,50,60,45,100,80,65,400,grass,poison,2,3,0,0,150,1059860,1
316,Gulpin,70,43,53,43,53,40,302,poison,,10.3,3,0,0,225,1640000,1
317,Swalot,100,73,83,73,83,55,467,poison,,80,3,0,0,75,1640000,2
318,Carvanha,45,90,20,65,20,65,305,water,dark,20.8,3,0,0,225,1250000,1
319,Sharpedo,70,140,70,110,65,105,560,water,dark,88.8,3,0,0,60,1250000,2
320,Wailmer,130,70,35,70,35,60,400,water,,130,3,0,0,125,1640000,1
321,Wailord,170,90,45,90,45,60,500,water,,398,3,0,0,60,1640000,2
322,Numel,60,60,40,65,45,35,305,fire,ground,24,3,0,0,255,1000000,1
323,Camerupt,70,120,100,145,105,20,560,fire,ground,220,3,0,0,150,1000000,2
324,Torkoal,70,85,140,85,70,20,470,fire,,80.4,3,0,0,90,1000000,0
325,Spoink,60,25,35,70,80,60,330,psychic,,30.6,3,0,0,255,800000,1
326,Grumpig,80,45,65,90,110,80,470,psychic,,71.5,3,0,0,60,800000,2
327,Spinda,60,60,60,60,60,60,360,normal,,5,3,0,0,255,800000,0
328,Trapinch,45,100,45,45,45,10,290,ground,,15,3,0,0,255,1059860,1
329,Vibrava,50,70,50,50,50,70,340,ground,dragon,15.3,3,0,0,120,1059860,2
330,Flygon,80,100,80,80,80,100,520,ground,dragon,82,3,0,0,45,1059860,3
331,Cacnea,50,85,40,85,40,35,335,grass,,51.3,3,0,0,190,1059860,1
332,Cacturne,70,115,60,115,60,55,475,grass,dark,77.4,3,0,0,60,1059860,2
333,Swablu,45,40,60,40,75,50,310,normal,flying,1.2,3,0,0,255,600000,1
334,Altaria,75,110,110,110,105,80,590,dragon,flying,20.6,3,0,0,45,600000,2
335,Zangoose,73,115,60,60,60,90,458,normal,,40.3,3,0,0,90,600000,0
336,Seviper,73,100,60,100,60,65,458,poison,,52.5,3,0,0,90,1640000,0
337,Lunatone,90,55,65,95,85,70,460,rock,psychic,168,3,0,0,45,800000,0
338,Solrock,90,95,85,55,65,70,460,rock,psychic,154,3,0,0,45,800000,0
339,Barboach,50,48,43,46,41,60,288,water,ground,1.9,3,0,0,190,1000000,1
340,Whiscash,110,78,73,76,71,60,468,water,ground,23.6,3,0,0,75,1000000,2
341,Corphish,43,80,65,50,35,35,308,water,,11.5,3,0,0,205,1640000,1
342,Crawdaunt,63,120,85,90,55,55,468,water,dark,32.8,3,0,0,155,1640000,2
343,Baltoy,40,40,55,40,70,55,300,ground,psychic,21.5,3,0,0,255,1000000,1
344,Claydol,60,70,105,70,120,75,500,ground,psychic,108,3,0,0,90,1000000,2
345,Lileep,66,41,77,61,87,23,355,rock,grass,23.8,3,0,0,45,600000,0
346,Cradily,86,81,97,81,107,43,495,rock,grass,60.4,3,0,0,45,600000,0
347,Anorith,45,95,50,40,50,75,355,rock,bug,12.5,3,0,0,45,600000,1
348,Armaldo,75,125,100,70,80,45,495,rock,bug,68.2,3,0,0,45,600000,2
349,Feebas,20,15,20,10,55,80,200,water,,7.4,3,0,0,255,600000,1
350,Milotic,95,60,79,100,125,81,540,water,,162,3,0,0,60,600000,2
351,Castform,70,70,70,70,70,70,420,normal,,0.8,3,0,0,45,1000000,0
352,Kecleon,60,90,70,60,120,40,440,normal,,22,3,0,0,200,1059860,0
353,Shuppet,44,75,35,63,33,45,295,ghost,,2.3,3,0,0,225,800000,1
354,Banette,64,165,75,93,83,75,555,ghost,,12.5,3,0,0,45,800000,2
355,Duskull,20,40,90,30,90,25,295,ghost,,15,3,0,0,190,800000,1
356,Dusclops,40,70,130,60,130,25,455,ghost,,30.6,3,0,0,90,800000,2
357,Tropius,99,68,83,72,87,51,460,grass,flying,100,3,0,0,200,1250000,0
358,Chimecho,75,50,80,95,90,65,455,psychic,,1,3,0,0,45,800000,0
359,Absol,65,150,60,115,60,115,565,dark,,47,3,0,0,30,1059860,0
360,Wynaut,95,23,48,23,48,23,260,psychic,,14,3,0,0,125,1000000,-1
361,Snorunt,50,50,50,50,50,50,300,ice,,16.8,3,0,0,190,1000000,1
362,Glalie,80,120,80,120,80,100,580,ice,,256.5,3,0,0,75,1000000,2
363,Spheal,70,40,50,55,50,25,290,ice,water,39.5,3,0,0,255,1059860,1
364,Sealeo,90,60,70,75,70,45,410,ice,water,87.6,3,0,0,120,1059860,2
365,Walrein,110,80,90,95,90,65,530,ice,water,150.6,3,0,0,45,1059860,3
366,Clamperl,35,64,85,74,55,32,345,water,,52.5,3,0,0,255,600000,1
367,Huntail,55,104,105,94,75,52,485,water,,27,3,0,0,60,600000,2
368,Gorebyss,55,84,105,114,75,52,485,water,,22.6,3,0,0,60,600000,2
369,Relicanth,100,90,130,45,65,55,485,water,rock,23.4,3,0,0,25,1250000,0
370,Luvdisc,43,30,55,40,65,97,330,water,,8.7,3,0,0,225,800000,0
371,Bagon,45,75,60,40,30,50,300,dragon,,42.1,3,0,0,45,1250000,1
372,Shelgon,65,95,100,60,50,50,420,dragon,,110.5,3,0,0,45,1250000,2
373,Salamence,95,145,130,120,90,120,700,dragon,flying,102.6,3,0,0,45,1250000,3
374,Beldum,40,55,80,35,60,30,300,steel,psychic,95.2,3,0,0,3,1250000,1
375,Metang,60,75,100,55,80,50,420,steel,psychic,202.5,3,0,0,3,1250000,2
376,Metagross,80,145,150,105,110,110,700,steel,psychic,550,3,0,0,3,1250000,3
377,Regirock,80,100,200,50,100,50,580,rock,,230,3,1,0,3,1250000,0
378,Regice,80,50,100,100,200,50,580,ice,,175,3,1,0,3,1250000,0
379,Registeel,80,75,150,75,150,50,580,steel,,205,3,1,0,3,1250000,0
380,Latias,80,100,120,140,150,110,700,dragon,psychic,40,3,1,0,3,1250000,0
381,Latios,80,130,100,160,120,110,700,dragon,psychic,60,3,1,0,3,1250000,0
382,Kyogre,100,150,90,180,160,90,770,water,,352,3,1,0,3,1250000,0
383,Groudon,100,180,160,150,90,90,770,ground,,950,3,1,0,3,1250000,0
384,Rayquaza,105,180,100,180,100,115,780,dragon,flying,206.5,3,1,0,45,1250000,0
385,Jirachi,100,100,100,100,100,100,600,steel,psychic,1.1,3,1,0,3,1250000,0
386,Deoxys,50,95,90,95,90,180,600,psychic,,60.8,3,1,0,3,1250000,0
387,Turtwig,55,68,64,45,55,31,318,grass,,10.2,4,0,1,45,1059860,1
388,Grotle,75,89,85,55,65,36,405,grass,,97,4,0,1,45,1059860,2
389,Torterra,95,109,105,75,85,56,525,grass,ground,310,4,0,1,45,1059860,3
390,Chimchar,44,58,44,58,44,61,309,fire,,6.2,4,0,1,45,1059860,1
391,Monferno,64,78,52,78,52,81,405,fire,fighting,22,4,0,1,45,1059860,2
392,Infernape,76,104,71,104,71,108,534,fire,fighting,55,4,0,1,45,1059860,3
393,Piplup,53,51,53,61,56,40,314,water,,5.2,4,0,1,45,1059860,1
394,Prinplup,64,66,68,81,76,50,405,water,,23,4,0,1,45,1059860,2
395,Empoleon,84,86,88,111,101,60,530,water,steel,84.5,4,0,1,45,1059860,3
396,Starly,40,55,30,30,30,60,245,normal,flying,2,4,0,0,255,1059860,1
397,Staravia,55,75,50,40,40,80,340,normal,flying,15.5,4,0,0,120,1059860,2
398,Staraptor,85,120,70,50,60,100,485,normal,flying,24.9,4,0,0,45,1059860,3
399,Bidoof,59,45,40,35,40,31,250,normal,,20,4,0,0,255,1000000,1
400,Bibarel,79,85,60,55,60,71,410,normal,water,31.5,4,0,0,127,1000000,2
401,Kricketot,37,25,41,25,41,25,194,bug,,2.2,4,0,0,255,1059860,1
402,Kricketune,77,85,51,55,51,65,384,bug,,25.5,4,0,0,45,1059860,2
403,Shinx,45,65,34,40,34,45,263,electric,,9.5,4,0,0,235,1059860,1
404,Luxio,60,85,49,60,49,60,363,electric,,30.5,4,0,0,120,1059860,2
405,Luxray,80,120,79,95,79,70,523,electric,,42,4,0,0,45,1059860,3
406,Budew,40,30,35,50,70,55,280,grass,poison,1.2,4,0,0,255,1059860,-1
407,Roserade,60,70,65,125,105,90,515,grass,poison,14.5,4,0,0,75,1059860,2
408,Cranidos,67,125,40,30,30,58,350,rock,,31.5,4,0,0,45,600000,1
409,Rampardos,97,165,60,65,50,58,495,rock,,102.5,4,0,0,45,600000,2
410,Shieldon,30,42,118,42,88,30,350,rock,steel,57,4,0,0,45,600000,1
411,Bastiodon,60,52,168,47,138,30,495,rock,steel,149.5,4,0,0,45,600000,2
412,Burmy,40,29,45,29,45,36,224,bug,,3.4,4,0,0,120,1000000,1
413,Wormadam,60,69,95,69,95,36,424,bug,grass,6.5,4,0,0,45,1000000,2
414,Mothim,70,94,50,94,50,66,424,bug,flying,23.3,4,0,0,45,1000000,0
415,Combee,30,30,42,30,42,70,244,bug,flying,5.5,4,0,0,120,1059860,1
416,Vespiquen,70,80,102,80,102,40,474,bug,flying,38.5,4,0,0,45,1059860,2
417,Pachirisu,60,45,70,45,90,95,405,electric,,3.9,4,0,0,200,1000000,0
418,Buizel,55,65,35,60,30,85,330,water,,29.5,4,0,0,190,1000000,1
419,Floatzel,85,105,55,85,50,115,495,water,,33.5,4,0,0,75,1000000,2
420,Cherubi,45,35,45,62,53,35,275,grass,,3.3,4,0,0,190,1000000,1
421,Cherrim,70,60,70,87,78,85,450,grass,,9.3,4,0,0,75,1000000,2
422,Shellos,76,48,48,57,62,34,325,water,,6.3,4,0,0,190,1000000,1
423,Gastrodon,111,83,68,92,82,39,475,water,ground,29.9,4,0,0,75,1000000,2
424,Ambipom,75,100,66,60,66,115,482,normal,,20.3,4,0,0,45,800000,2
425,Drifloon,90,50,34,60,44,70,348,ghost,flying,1.2,4,0,0,125,1640000,1
426,Drifblim,150,80,44,90,54,80,498,ghost,flying,15,4,0,0,60,1640000,2
427,Buneary,55,66,44,44,56,85,350,normal,,5.5,4,0,0,190,1000000,1
428,Lopunny,65,136,94,54,96,135,580,normal,,33.3,4,0,0,60,1000000,2
429,Mismagius,60,60,60,105,105,105,495,ghost,,4.4,4,0,0,45,800000,2
430,Honchkrow,100,125,52,105,52,71,505,dark,flying,27.3,4,0,0,30,1059860,2
431,Glameow,49,55,42,42,37,85,310,normal,,3.9,4,0,0,190,800000,1
432,Purugly,71,82,64,64,59,112,452,normal,,43.8,4,0,0,75,800000,2
433,Chingling,45,30,50,65,50,45,285,psychic,,0.6,4,0,0,120,800000,-1
434,Stunky,63,63,47,41,41,74,329,poison,dark,19.2,4,0,0,225,1000000,1
435,Skuntank,103,93,67,71,61,84,479,poison,dark,38,4,0,0,60,1000000,2
436,Bronzor,57,24,86,24,86,23,300,steel,psychic,60.5,4,0,0,255,1000000,1
437,Bronzong,67,89,116,79,116,33,500,steel,psychic,187,4,0,0,90,1000000,2
438,Bonsly,50,80,95,10,45,10,290,rock,,15,4,0,0,255,1000000,-1
439,Mime Jr.,20,25,45,70,90,60,310,psychic,fairy,13,4,0,0,145,1000000,-1
440,Happiny,100,5,5,15,65,30,220,normal,,24.4,4,0,0,130,800000,-1
441,Chatot,76,65,45,92,42,91,411,normal,flying,1.9,4,0,0,30,1059860,0
442,Spiritomb,50,92,108,92,108,35,485,ghost,dark,108,4,0,0,100,1000000,0
443,Gible,58,70,45,40,45,42,300,dragon,ground,20.5,4,0,0,45,1250000,1
444,Gabite,68,90,65,50,55,82,410,dragon,ground,56,4,0,0,45,1250000,2
445,Garchomp,108,170,115,120,95,92,700,dragon,ground,95,4,0,0,45,1250000,3
446,Munchlax,135,85,40,40,85,5,390,normal,,105,4,0,0,50,1250000,-1
447,Riolu,40,70,40,35,40,60,285,fighting,,20.2,4,0,0,75,1059860,1
448,Lucario,70,145,88,140,70,112,625,fighting,steel,54,4,0,0,45,1059860,2
449,Hippopotas,68,72,78,38,42,32,330,ground,,49.5,4,0,0,140,1250000,1
450,Hippowdon,108,112,118,68,72,47,525,ground,,300,4,0,0,60,1250000,2
451,Skorupi,40,50,90,30,55,65,330,poison,bug,12,4,0,0,120,1250000,1
452,Drapion,70,90,110,60,75,95,500,poison,dark,61.5,4,0,0,45,1250000,2
453,Croagunk,48,61,40,61,40,50,300,poison,fighting,23,4,0,0,140,1000000,1
454,Toxicroak,83,106,65,86,65,85,490,poison,fighting,44.4,4,0,0,75,1000000,2
455,Carnivine,74,100,72,90,72,46,454,grass,,27,4,0,0,200,1250000,0
456,Finneon,49,49,56,49,61,66,330,water,,7,4,0,0,190,600000,1
457,Lumineon,69,69,76,69,86,91,460,water,,24,4,0,0,75,600000,2
458,Mantyke,45,20,50,60,120,50,345,water,flying,65,4,0,0,25,1250000,-1
459,Snover,60,62,50,62,60,40,334,grass,ice,50.5,4,0,0,120,1250000,1
460,Abomasnow,90,132,105,132,105,30,594,grass,ice,135.5,4,0,0,60,1250000,2
461,Weavile,70,120,65,45,85,125,510,dark,ice,34,4,0,0,45,1059860,2
462,Magnezone,70,70,115,130,90,60,535,electric,steel,180,4,0,0,30,1000000,3
463,Lickilicky,110,85,95,80,95,50,515,normal,,140,4,0,0,30,1000000,2
464,Rhyperior,115,140,130,55,55,40,535,ground,rock,282.8,4,0,0,30,1250000,3
465,Tangrowth,100,100,125,110,50,50,535,grass,,128.6,4,0,0,30,1000000,2
466,Electivire,75,123,67,95,85,95,540,electric,,138.6,4,0,0,30,1000000,2
467,Magmortar,75,95,67,125,95,83,540,fire,,68,4,0,0,30,1000000,2
468,Togekiss,85,50,95,120,115,80,545,fairy,flying,38,4,0,0,30,800000,3
469,Yanmega,86,76,86,116,56,95,515,bug,flying,51.5,4,0,0,30,1000000,2
470,Leafeon,65,110,130,60,65,95,525,grass,,25.5,4,0,0,45,1000000,2
471,Glaceon,65,60,110,130,95,65,525,ice,,25.9,4,0,0,45,1000000,2
472,Gliscor,75,95,125,45,75,95,510,ground,flying,42.5,4,0,0,30,1059860,2
473,Mamoswine,110,130,80,70,60,80,530,ice,ground,291,4,0,0,50,1250000,3
474,Porygon-Z,85,80,70,135,75,90,535,normal,,34,4,0,0,30,1000000,3
475,Gallade,68,165,95,65,115,110,618,psychic,fighting,52,4,0,0,45,1250000,3
476,Probopass,60,55,145,75,150,40,525,rock,steel,340,4,0,0,60,1000000,2
477,Dusknoir,45,100,135,65,135,45,525,ghost,,106.6,4,0,0,45,800000,3
478,Froslass,70,80,70,80,70,110,480,ice,ghost,26.6,4,0,0,75,1000000,2
479,Rotom,50,65,107,105,107,86,520,electric,ghost,0.3,4,0,0,45,1000000,0
480,Uxie,75,75,130,75,130,95,580,psychic,,0.3,4,1,0,3,1250000,0
481,Mesprit,80,105,105,105,105,80,580,psychic,,0.3,4,1,0,3,1250000,0
482,Azelf,75,125,70,125,70,115,580,psychic,,0.3,4,1,0,3,1250000,0
483,Dialga,100,120,120,150,100,90,680,steel,dragon,683,4,1,0,3,1250000,0
484,Palkia,90,120,100,150,120,100,680,water,dragon,336,4,1,0,3,1250000,0
485,Heatran,91,90,106,130,106,77,600,fire,steel,430,4,1,0,3,1250000,0
486,Regigigas,110,160,110,80,110,100,670,normal,,420,4,1,0,3,1250000,0
487,Giratina,150,120,100,120,100,90,680,ghost,dragon,750,4,1,0,3,1250000,0
488,Cresselia,120,70,120,75,130,85,600,psychic,,85.6,4,1,0,3,1250000,0
489,Phione,80,80,80,80,80,80,480,water,,3.1,4,0,0,30,1250000,-1
490,Manaphy,100,100,100,100,100,100,600,water,,1.4,4,1,0,3,1250000,0
491,Darkrai,70,90,90,135,90,125,600,dark,,50.5,4,1,0,3,1250000,0
492,Shaymin,100,103,75,120,75,127,600,grass,grass,2.1,4,1,0,45,1059860,0
493,Arceus,120,120,120,120,120,120,720,normal,,320,4,1,0,3,1250000,0
494,Victini,100,100,100,100,100,100,600,psychic,fire,4,5,1,0,3,1250000,0
495,Snivy,45,45,55,45,55,63,308,grass,,8.1,5,0,1,45,1059860,1
496,Servine,60,60,75,60,75,83,413,grass,,16,5,0,1,45,1059860,2
497,Serperior,75,75,95,75,95,113,528,grass,,63,5,0,1,45,1059860,3
498,Tepig,65,63,45,45,45,45,308,fire,,9.9,5,0,1,45,1059860,1
499,Pignite,90,93,55,70,55,55,418,fire,fighting,55.5,5,0,1,45,1059860,2
500,Emboar,110,123,65,100,65,65,528,fire,fighting,150,5,0,1,45,1059860,3
501,Oshawott,55,55,45,63,45,45,308,water,,5.9,5,0,1,45,1059860,1
502,Dewott,75,75,60,83,60,60,413,water,,24.5,5,0,1,45,1059860,2
503,Samurott,95,100,85,108,70,70,528,water,,94.6,5,0,1,45,1059860,3
504,Patrat,45,55,39,35,39,42,255,normal,,11.6,5,0,0,255,1000000,1
505,Watchog,60,85,69,60,69,77,420,normal,,27,5,0,0,255,1000000,2
506,Lillipup,45,60,45,25,45,55,275,normal,,4.1,5,0,0,255,1059860,1
507,Herdier,65,80,65,35,65,60,370,normal,,14.7,5,0,0,120,1059860,2
508,Stoutland,85,110,90,45,90,80,500,normal,,61,5,0,0,45,1059860,3
509,Purrloin,41,50,37,50,37,66,281,dark,,10.1,5,0,0,255,1000000,1
510,Liepard,64,88,50,88,50,106,446,dark,,37.5,5,0,0,90,1000000,2
511,Pansage,50,53,48,53,48,64,316,grass,,10.5,5,0,0,190,1000000,1
512,Simisage,75,98,63,98,63,101,498,grass,,30.5,5,0,0,75,1000000,1
513,Pansear,50,53,48,53,48,64,316,fire,,11,5,0,0,190,1000000,1
514,Simisear,75,98,63,98,63,101,498,fire,,28,5,0,0,75,1000000,2
515,Panpour,50,53,48,53,48,64,316,water,,13.5,5,0,0,190,1000000,2
516,Simipour,75,98,63,98,63,101,498,water,,29,5,0,0,75,1000000,2
517,Munna,76,25,45,67,55,24,292,psychic,,23.3,5,0,0,190,800000,1
518,Musharna,116,55,85,107,95,29,487,psychic,,60.5,5,0,0,75,800000,2
519,Pidove,50,55,50,36,30,43,264,normal,flying,2.1,5,0,0,255,1059860,1
520,Tranquill,62,77,62,50,42,65,358,normal,flying,15,5,0,0,120,1059860,2
521,Unfezant,80,115,80,65,55,93,488,normal,flying,29,5,0,0,45,1059860,3
522,Blitzle,45,60,32,50,32,76,295,electric,,29.8,5,0,0,190,1000000,1
523,Zebstrika,75,100,63,80,63,116,497,electric,,79.5,5,0,0,75,1000000,2
524,Roggenrola,55,75,85,25,25,15,280,rock,,18,5,0,0,255,1059860,1
525,Boldore,70,105,105,50,40,20,390,rock,,102,5,0,0,120,1059860,2
526,Gigalith,85,135,130,60,80,25,515,rock,,260,5,0,0,45,1059860,3
527,Woobat,65,45,43,55,43,72,323,psychic,flying,2.1,5,0,0,190,1000000,1
528,Swoobat,67,57,55,77,55,114,425,psychic,flying,10.5,5,0,0,45,1000000,2
529,Drilbur,60,85,40,30,45,68,328,ground,,8.5,5,0,0,120,1000000,1
530,Excadrill,110,135,60,50,65,88,508,ground,steel,40.4,5,0,0,60,1000000,2
531,Audino,103,60,126,80,126,50,545,normal,,31,5,0,0,255,800000,0
532,Timburr,75,80,55,25,35,35,305,fighting,,12.5,5,0,0,180,1059860,1
533,Gurdurr,85,105,85,40,50,40,405,fighting,,40,5,0,0,90,1059860,2
534,Conkeldurr,105,140,95,55,65,45,505,fighting,,87,5,0,0,45,1059860,3
535,Tympole,50,50,40,50,40,64,294,water,,4.5,5,0,0,255,1059860,1
536,Palpitoad,75,65,55,65,55,69,384,water,ground,17,5,0,0,120,1059860,2
537,Seismitoad,105,95,75,85,75,74,509,water,ground,62,5,0,0,45,1059860,3
538,Throh,120,100,85,30,85,45,465,fighting,,55.5,5,0,0,45,1000000,0
539,Sawk,75,125,75,30,75,85,465,fighting,,51,5,0,0,45,1000000,0
540,Sewaddle,45,53,70,40,60,42,310,bug,grass,2.5,5,0,0,255,1059860,1
541,Swadloon,55,63,90,50,80,42,380,bug,grass,7.3,5,0,0,120,1059860,2
542,Leavanny,75,103,80,70,80,92,500,bug,grass,20.5,5,0,0,45,1059860,3
543,Venipede,30,45,59,30,39,57,260,bug,poison,5.3,5,0,0,255,1059860,1
544,Whirlipede,40,55,99,40,79,47,360,bug,poison,58.5,5,0,0,120,1059860,2
545,Scolipede,60,100,89,55,69,112,485,bug,poison,200.5,5,0,0,45,1059860,3
546,Cottonee,40,27,60,37,50,66,280,grass,fairy,0.6,5,0,0,190,1000000,1
547,Whimsicott,60,67,85,77,75,116,480,grass,fairy,6.6,5,0,0,75,1000000,2
548,Petilil,45,35,50,70,50,30,280,grass,,6.6,5,0,0,190,1000000,1
549,Lilligant,70,60,75,110,75,90,480,grass,,16.3,5,0,0,75,1000000,2
550,Basculin,70,92,65,80,55,98,460,water,,18,5,0,0,25,1000000,0
551,Sandile,50,72,35,35,35,65,292,ground,dark,15.2,5,0,0,180,1059860,1
552,Krokorok,60,82,45,45,45,74,351,ground,dark,33.4,5,0,0,90,1059860,2
553,Krookodile,95,117,80,65,70,92,519,ground,dark,96.3,5,0,0,45,1059860,3
554,Darumaka,70,90,45,15,45,50,315,fire,,37.5,5,0,0,120,1059860,1
555,Darmanitan,105,30,105,140,105,55,540,fire,fire,92.9,5,0,0,60,1059860,2
556,Maractus,75,86,67,106,67,60,461,grass,,28,5,0,0,255,1000000,0
557,Dwebble,50,65,85,35,35,55,325,bug,rock,14.5,5,0,0,190,1000000,1
558,Crustle,70,105,125,65,75,45,485,bug,rock,200,5,0,0,75,1000000,2
559,Scraggy,50,75,70,35,70,48,348,dark,fighting,11.8,5,0,0,180,1000000,1
560,Scrafty,65,90,115,45,115,58,488,dark,fighting,30,5,0,0,90,1000000,2
561,Sigilyph,72,58,80,103,80,97,490,psychic,flying,14,5,0,0,45,1000000,0
562,Yamask,38,30,85,55,65,30,303,ghost,,1.5,5,0,0,190,1000000,1
563,Cofagrigus,58,50,145,95,105,30,483,ghost,,76.5,5,0,0,90,1000000,2
564,Tirtouga,54,78,103,53,45,22,355,water,rock,16.5,5,0,0,45,1000000,1
565,Carracosta,74,108,133,83,65,32,495,water,rock,81,5,0,0,45,1000000,2
566,Archen,55,112,45,74,45,70,401,rock,flying,9.5,5,0,0,45,1000000,1
567,Archeops,75,140,65,112,65,110,567,rock,flying,32,5,0,0,45,1000000,2
568,Trubbish,50,50,62,40,62,65,329,poison,,31,5,0,0,190,1000000,1
569,Garbodor,80,95,82,60,82,75,474,poison,,107.3,5,0,0,60,1000000,2
570,Zorua,40,65,40,80,40,65,330,dark,,12.5,5,0,0,75,1059860,1
571,Zoroark,60,105,60,120,60,105,510,dark,,81.1,5,0,0,45,1059860,2
572,Minccino,55,50,40,40,40,75,300,normal,,5.8,5,0,0,255,800000,1
573,Cinccino,75,95,60,65,60,115,470,normal,,7.5,5,0,0,60,800000,2
574,Gothita,45,30,50,55,65,45,290,psychic,,5.8,5,0,0,200,1059860,1
575,Gothorita,60,45,70,75,85,55,390,psychic,,18,5,0,0,100,1059860,2
576,Gothitelle,70,55,95,95,110,65,490,psychic,,44,5,0,0,50,1059860,3
577,Solosis,45,30,40,105,50,20,290,psychic,,1,5,0,0,200,1059860,1
578,Duosion,65,40,50,125,60,30,370,psychic,,8,5,0,0,100,1059860,2
579,Reuniclus,110,65,75,125,85,30,490,psychic,,20.1,5,0,0,50,1059860,3
580,Ducklett,62,44,50,44,50,55,305,water,flying,5.5,5,0,0,190,1000000,1
581,Swanna,75,87,63,87,63,98,473,water,flying,24.2,5,0,0,45,1000000,2
582,Vanillite,36,50,50,65,60,44,305,ice,,5.7,5,0,0,255,1250000,1
583,Vanillish,51,65,65,80,75,59,395,ice,,41,5,0,0,120,1250000,2
584,Vanilluxe,71,95,85,110,95,79,535,ice,,57.5,5,0,0,45,1250000,3
585,Deerling,60,60,50,40,50,75,335,normal,grass,19.5,5,0,0,190,1000000,1
586,Sawsbuck,80,100,70,60,70,95,475,normal,grass,92.5,5,0,0,75,1000000,2
587,Emolga,55,75,60,75,60,103,428,electric,flying,5,5,0,0,200,1000000,0
588,Karrablast,50,75,45,40,45,60,315,bug,,5.9,5,0,0,200,1000000,1
589,Escavalier,70,135,105,60,105,20,495,bug,steel,33,5,0,0,75,1000000,2
590,Foongus,69,55,45,55,55,15,294,grass,poison,1,5,0,0,190,1000000,1
591,Amoonguss,114,85,70,85,80,30,464,grass,poison,10.5,5,0,0,75,1000000,2
592,Frillish,55,40,50,65,85,40,335,water,ghost,33,5,0,0,190,1000000,1
593,Jellicent,100,60,70,85,105,60,480,water,ghost,135,5,0,0,60,1000000,2
594,Alomomola,165,75,80,40,45,65,470,water,,31.6,5,0,0,75,800000,0
595,Joltik,50,47,50,57,50,65,319,bug,electric,0.6,5,0,0,190,1000000,1
596,Galvantula,70,77,60,97,60,108,472,bug,electric,14.3,5,0,0,75,1000000,2
597,Ferroseed,44,50,91,24,86,10,305,grass,steel,18.8,5,0,0,255,1000000,1
598,Ferrothorn,74,94,131,54,116,20,489,grass,steel,110,5,0,0,90,1000000,2
599,Klink,40,55,70,45,60,30,300,steel,,21,5,0,0,130,1059860,1
600,Klang,60,80,95,70,85,50,440,steel,,51,5,0,0,60,1059860,2
601,Klinklang,60,100,115,70,85,90,520,steel,,81,5,0,0,30,1059860,3
602,Tynamo,35,55,40,45,40,60,275,electric,,0.3,5,0,0,190,1250000,1
603,Eelektrik,65,85,70,75,70,40,405,electric,,22,5,0,0,60,1250000,2
604,Eelektross,85,115,80,105,80,50,515,electric,,80.5,5,0,0,30,1250000,3
605,Elgyem,55,55,55,85,55,30,335,psychic,,9,5,0,0,255,1000000,1
606,Beheeyem,75,75,75,125,95,40,485,psychic,,34.5,5,0,0,90,1000000,2
607,Litwick,50,30,55,65,55,20,275,ghost,fire,3.1,5,0,0,190,1059860,1
608,Lampent,60,40,60,95,60,55,370,ghost,fire,13,5,0,0,90,1059860,2
609,Chandelure,60,55,90,145,90,80,520,ghost,fire,34.3,5,0,0,45,1059860,3
610,Axew,46,87,60,30,40,57,320,dragon,,18,5,0,0,75,1250000,1
611,Fraxure,66,117,70,40,50,67,410,dragon,,36,5,0,0,60,1250000,2
612,Haxorus,76,147,90,60,70,97,540,dragon,,105.5,5,0,0,45,1250000,3
613,Cubchoo,55,70,40,60,40,40,305,ice,,8.5,5,0,0,120,1000000,1
614,Beartic,95,130,80,70,80,50,505,ice,,260,5,0,0,60,1000000,2
615,Cryogonal,80,50,50,95,135,105,515,ice,,148,5,0,0,25,1000000,0
616,Shelmet,50,40,85,40,65,25,305,bug,,7.7,5,0,0,200,1000000,1
617,Accelgor,80,70,40,100,60,145,495,bug,,25.3,5,0,0,75,1000000,2
618,Stunfisk,109,66,84,81,99,32,471,ground,electric,11,5,0,0,75,1000000,0
619,Mienfoo,45,85,50,55,50,65,350,fighting,,20,5,0,0,180,1059860,1
620,Mienshao,65,125,60,95,60,105,510,fighting,,35.5,5,0,0,45,1059860,2
621,Druddigon,77,120,90,60,90,48,485,dragon,,139,5,0,0,45,1000000,0
622,Golett,59,74,50,35,50,35,303,ground,ghost,92,5,0,0,190,1000000,1
623,Golurk,89,124,80,55,80,55,483,ground,ghost,330,5,0,0,90,1000000,2
624,Pawniard,45,85,70,40,40,60,340,dark,steel,10.2,5,0,0,120,1000000,1
625,Bisharp,65,125,100,60,70,70,490,dark,steel,70,5,0,0,45,1000000,2
626,Bouffalant,95,110,95,40,95,55,490,normal,,94.6,5,0,0,45,1000000,0
627,Rufflet,70,83,50,37,50,60,350,normal,flying,10.5,5,0,0,190,1250000,1
628,Braviary,100,123,75,57,75,80,510,normal,flying,41,5,0,0,60,1250000,2
629,Vullaby,70,55,75,45,65,60,370,dark,flying,9,5,0,0,190,1250000,1
630,Mandibuzz,110,65,105,55,95,80,510,dark,flying,39.5,5,0,0,60,1250000,2
631,Heatmor,85,97,66,105,66,65,484,fire,,58,5,0,0,90,1000000,0
632,Durant,58,109,112,48,48,109,484,bug,steel,33,5,0,0,90,1000000,0
633,Deino,52,65,50,45,50,38,300,dark,dragon,17.3,5,0,0,45,1250000,1
634,Zweilous,72,85,70,65,70,58,420,dark,dragon,50,5,0,0,45,1250000,2
635,Hydreigon,92,105,90,125,90,98,600,dark,dragon,160,5,0,0,45,1250000,3
636,Larvesta,55,85,55,50,55,60,360,bug,fire,28.8,5,0,0,45,1250000,1
637,Volcarona,85,60,65,135,105,100,550,bug,fire,46,5,0,0,15,1250000,2
638,Cobalion,91,90,129,90,72,108,580,steel,fighting,250,5,1,0,3,1250000,0
639,Terrakion,91,129,90,72,90,108,580,rock,fighting,260,5,1,0,3,1250000,0
640,Virizion,91,90,72,90,129,108,580,grass,fighting,200,5,1,0,3,1250000,0
641,Tornadus,79,100,80,110,90,121,580,flying,,63,5,1,0,3,1250000,0
642,Thundurus,79,105,70,145,80,101,580,electric,flying,61,5,1,0,3,1250000,0
643,Reshiram,100,120,100,150,120,90,680,dragon,fire,330,5,1,0,3,1250000,0
644,Zekrom,100,150,120,120,100,90,680,dragon,electric,345,5,1,0,3,1250000,0
645,Landorus,89,145,90,105,80,91,600,ground,flying,68,5,1,0,3,1250000,0
646,Kyurem,125,120,90,170,100,95,700,dragon,ice,325,5,1,0,3,1250000,0
647,Keldeo,91,72,90,129,90,108,580,water,fighting,48.5,5,1,0,3,1250000,0
648,Meloetta,100,128,90,77,77,128,600,normal,psychic,6.5,5,1,0,3,1250000,0
649,Genesect,71,120,95,120,95,99,600,bug,steel,82.5,5,1,0,3,1250000,0
650,Chespin,56,61,65,48,45,38,313,grass,,9,6,0,1,45,1059860,1
651,Quilladin,61,78,95,56,58,57,405,grass,,29,6,0,1,45,1059860,2
652,Chesnaught,88,107,122,74,75,64,530,grass,fighting,90,6,0,1,45,1059860,3
653,Fennekin,40,45,40,62,60,60,307,fire,,9.4,6,0,1,45,1059860,1
654,Braixen,59,59,58,90,70,73,409,fire,,14.5,6,0,1,45,1059860,2
655,Delphox,75,69,72,114,100,104,534,fire,psychic,39,6,0,1,45,1059860,3
656,Froakie,41,56,40,62,44,71,314,water,,7,6,0,1,45,1059860,1
657,Frogadier,54,63,52,83,56,97,405,water,,10.9,6,0,1,45,1059860,2
658,Greninja,72,145,67,153,71,132,640,water,dark,40,6,0,1,45,1059860,3
659,Bunnelby,38,36,38,32,36,57,237,normal,,5,6,0,0,255,1000000,1
660,Diggersby,85,56,77,50,77,78,423,normal,ground,42.4,6,0,0,127,1000000,2
661,Fletchling,45,50,43,40,38,62,278,normal,flying,1.7,6,0,0,255,1059860,1
662,Fletchinder,62,73,55,56,52,84,382,fire,flying,16,6,0,0,120,1059860,2
663,Talonflame,78,81,71,74,69,126,499,fire,flying,24.5,6,0,0,45,1059860,3
664,Scatterbug,38,35,40,27,25,35,200,bug,,2.5,6,0,0,255,1000000,1
665,Spewpa,45,22,60,27,30,29,213,bug,,8.4,6,0,0,120,1000000,2
666,Vivillon,80,52,50,90,50,89,411,bug,flying,17,6,0,0,45,1000000,3
667,Litleo,62,50,58,73,54,72,369,fire,normal,13.5,6,0,0,220,1059860,1
668,Pyroar,86,68,72,109,66,106,507,fire,normal,81.5,6,0,0,65,1059860,2
669,Flabebe,44,38,39,61,79,42,303,fairy,,0.1,6,0,0,225,1000000,1
670,Floette,74,65,67,125,128,92,551,fairy,,0.9,6,0,0,120,1000000,2
671,Florges,78,65,68,112,154,75,552,fairy,,10,6,0,0,45,1000000,3
672,Skiddo,66,65,48,62,57,52,350,grass,,31,6,0,0,200,1000000,1
673,Gogoat,123,100,62,97,81,68,531,grass,,91,6,0,0,45,1000000,2
674,Pancham,67,82,62,46,48,43,348,fighting,,8,6,0,0,220,1000000,1
675,Pangoro,95,124,78,69,71,58,495,fighting,dark,136,6,0,0,65,1000000,2
676,Furfrou,75,80,60,65,90,102,472,normal,,28,6,0,0,160,1000000,0
677,Espurr,62,48,54,63,60,68,355,psychic,,3.5,6,0,0,190,1000000,1
678,Meowstic,74,48,76,83,81,104,466,psychic,,8.5,6,0,0,75,1000000,2
679,Honedge,45,80,100,35,37,28,325,steel,ghost,2,6,0,0,180,1000000,1
680,Doublade,59,110,150,45,49,35,448,steel,ghost,4.5,6,0,0,90,1000000,2
681,Aegislash,60,150,50,150,50,60,520,steel,ghost,53,6,0,0,45,1000000,3
682,Spritzee,78,52,60,63,65,23,341,fairy,,0.5,6,0,0,200,1000000,1
683,Aromatisse,101,72,72,99,89,29,462,fairy,,15.5,6,0,0,140,1000000,2
684,Swirlix,62,48,66,59,57,49,341,fairy,,3.5,6,0,0,200,1000000,1
685,Slurpuff,82,80,86,85,75,72,480,fairy,,5,6,0,0,140,1000000,2
686,Inkay,53,54,53,37,46,45,288,dark,psychic,3.5,6,0,0,190,1000000,1
687,Malamar,86,92,88,68,75,73,482,dark,psychic,47,6,0,0,80,1000000,2
688,Binacle,42,52,67,39,56,50,306,rock,water,31,6,0,0,120,1000000,1
689,Barbaracle,72,105,115,54,86,68,500,rock,water,96,6,0,0,45,1000000,2
690,Skrelp,50,60,60,60,60,30,320,poison,water,7.3,6,0,0,225,1000000,1
691,Dragalge,65,75,90,97,123,44,494,poison,dragon,81.5,6,0,0,55,1000000,2
692,Clauncher,50,53,62,58,63,44,330,water,,8.3,6,0,0,225,1250000,1
693,Clawitzer,71,73,88,120,89,59,500,water,,35.3,6,0,0,55,1250000,2
694,Helioptile,44,38,33,61,43,70,289,electric,normal,6,6,0,0,190,1000000,1
695,Heliolisk,62,55,52,109,94,109,481,electric,normal,21,6,0,0,75,1000000,2
696,Tyrunt,58,89,77,45,45,48,362,rock,dragon,26,6,0,0,45,1000000,1
697,Tyrantrum,82,121,119,69,59,71,521,rock,dragon,270,6,0,0,45,1000000,2
698,Amaura,77,59,50,67,63,46,362,rock,ice,25.2,6,0,0,45,1000000,1
699,Aurorus,123,77,72,99,92,58,521,rock,ice,225,6,0,0,45,1000000,2
700,Sylveon,95,65,65,110,130,60,525,fairy,,23.5,6,0,0,45,1000000,2
701,Hawlucha,78,92,75,74,63,118,500,fighting,flying,21.5,6,0,0,100,1000000,0
702,Dedenne,67,58,57,81,67,101,431,electric,fairy,2.2,6,0,0,180,1000000,0
703,Carbink,50,50,150,50,150,50,500,rock,fairy,5.7,6,0,0,60,1250000,0
704,Goomy,45,50,35,55,75,40,300,dragon,,2.8,6,0,0,45,1250000,1
705,Sliggoo,68,75,53,83,113,60,452,dragon,,17.5,6,0,0,45,1250000,2
706,Goodra,90,100,70,110,150,80,600,dragon,,150.5,6,0,0,45,1250000,3
707,Klefki,57,80,91,80,87,75,470,steel,fairy,3,6,0,0,75,800000,0
708,Phantump,43,70,48,50,60,38,309,ghost,grass,7,6,0,0,120,1000000,1
709,Trevenant,85,110,76,65,82,56,474,ghost,grass,71,6,0,0,60,1000000,2
710,Pumpkaboo,59,66,70,44,55,41,335,ghost,grass,15,6,0,0,120,1000000,1
711,Gourgeist,85,100,122,58,75,54,494,ghost,grass,39,6,0,0,60,1000000,2
712,Bergmite,55,69,85,32,35,28,304,ice,,99.5,6,0,0,190,1000000,1
713,Avalugg,95,117,184,44,46,28,514,ice,,505,6,0,0,55,1000000,2
714,Noibat,40,30,35,45,40,55,245,flying,dragon,8,6,0,0,190,1000000,1
715,Noivern,85,70,80,97,80,123,535,flying,dragon,85,6,0,0,45,1000000,2
716,Xerneas,126,131,95,131,98,99,680,fairy,,215,6,1,0,45,1250000,0
717,Yveltal,126,131,95,131,98,99,680,dark,flying,203,6,1,0,45,1250000,0
718,Zygarde,216,100,121,91,95,85,708,dragon,ground,284.6,6,1,0,3,1250000,0
719,Diancie,50,160,110,160,110,110,700,rock,fairy,8.8,6,1,0,3,1250000,0
720,Hoopa,80,160,60,170,130,80,680,psychic,ghost,,6,1,0,3,1250000,0
721,Volcanion,80,110,120,130,90,70,600,fire,water,195,6,1,0,3,1250000,0
722,Rowlet,68,55,55,50,50,42,320,grass,flying,1.5,7,0,1,45,1059860,1
723,Dartrix,78,75,75,70,70,52,420,grass,flying,16,7,0,1,45,1059860,2
724,Decidueye,78,107,75,100,100,70,530,grass,ghost,36.6,7,0,1,45,1059860,3
725,Litten,45,65,40,60,40,70,320,fire,,4.3,7,0,1,45,1059860,1
726,Torracat,65,85,50,80,50,90,420,fire,,25,7,0,1,45,1059860,2
727,Incineroar,95,115,90,80,90,60,530,fire,dark,83,7,0,1,45,1059860,3
728,Popplio,50,54,54,66,56,40,320,water,,7.5,7,0,1,45,1059860,1
729,Brionne,60,69,69,91,81,50,420,water,,17.5,7,0,1,45,1059860,2
730,Primarina,80,74,74,126,116,60,530,water,fairy,44,7,0,1,45,1059860,3
731,Pikipek,35,75,30,30,30,65,265,normal,flying,1.2,7,0,0,255,1000000,1
732,Trumbeak,55,85,50,40,50,75,355,normal,flying,14.8,7,0,0,120,1000000,2
733,Toucannon,80,120,75,75,75,60,485,normal,flying,26,7,0,0,45,1000000,3
734,Yungoos,48,70,30,30,30,45,253,normal,,6,7,0,0,255,1000000,1
735,Gumshoos,88,110,60,55,60,45,418,normal,,14.2,7,0,0,127,1000000,2
736,Grubbin,47,62,45,55,45,46,300,bug,,4.4,7,0,0,255,1000000,1
737,Charjabug,57,82,95,55,75,36,400,bug,electric,10.5,7,0,0,120,1000000,2
738,Vikavolt,77,70,90,145,75,43,500,bug,electric,45,7,0,0,45,1000000,3
739,Crabrawler,47,82,57,42,47,63,338,fighting,,7,7,0,0,225,1000000,1
740,Crabominable,97,132,77,62,67,43,478,fighting,ice,180,7,0,0,60,1000000,2
741,Oricorio,75,70,70,98,70,93,476,fire,flying,3.4,7,0,0,45,1000000,1
742,Cutiefly,40,45,40,55,40,84,304,bug,fairy,0.2,7,0,0,190,1000000,1
743,Ribombee,60,55,60,95,70,124,464,bug,fairy,0.5,7,0,0,75,1000000,2
744,Rockruff,45,65,40,30,40,60,280,rock,,9.2,7,0,0,190,1000000,1
745,Lycanroc,85,115,75,55,75,82,487,rock,,,7,0,0,90,1000000,2
746,Wishiwashi,45,140,130,140,135,30,620,water,,0.3,7,0,0,60,800000,1
747,Mareanie,50,53,62,43,52,45,305,poison,water,8,7,0,0,190,1000000,1
748,Toxapex,50,63,152,53,142,35,495,poison,water,14.5,7,0,0,75,1000000,2
749,Mudbray,70,100,70,45,55,45,385,ground,,110,7,0,0,190,1000000,1
750,Mudsdale,100,125,100,55,85,35,500,ground,,920,7,0,0,60,1000000,2
751,Dewpider,38,40,52,40,72,27,269,water,bug,4,7,0,0,200,1000000,1
752,Araquanid,68,70,92,50,132,42,454,water,bug,82,7,0,0,100,1000000,2
753,Fomantis,40,55,35,50,35,35,250,grass,,1.5,7,0,0,190,1000000,1
754,Lurantis,70,105,90,80,90,45,480,grass,,18.5,7,0,0,75,1000000,2
755,Morelull,40,35,55,65,75,15,285,grass,fairy,1.5,7,0,0,190,1000000,1
756,Shiinotic,60,45,80,90,100,30,405,grass,fairy,11.5,7,0,0,75,1000000,2
757,Salandit,48,44,40,71,40,77,320,poison,fire,4.8,7,0,0,120,1000000,1
758,Salazzle,68,64,60,111,60,117,480,poison,fire,22.2,7,0,0,45,1000000,2
759,Stufful,70,75,50,45,50,50,340,normal,fighting,6.8,7,0,0,140,1000000,1
760,Bewear,120,125,80,55,60,60,500,normal,fighting,135,7,0,0,70,1000000,2
761,Bounsweet,42,30,38,30,38,32,210,grass,,3.2,7,0,0,235,1059860,1
762,Steenee,52,40,48,40,48,62,290,grass,,8.2,7,0,0,120,1059860,2
763,Tsareena,72,120,98,50,98,72,510,grass,,21.4,7,0,0,45,1059860,3
764,Comfey,51,52,90,82,110,100,485,fairy,,0.3,7,0,0,60,800000,0
765,Oranguru,90,60,80,90,110,60,490,normal,psychic,76,7,0,0,45,1250000,0
766,Passimian,100,120,90,40,60,80,490,fighting,,82.8,7,0,0,45,1250000,0
767,Wimpod,25,35,40,20,30,80,230,bug,water,12,7,0,0,90,1000000,1
768,Golisopod,75,125,140,60,90,40,530,bug,water,108,7,0,0,45,1000000,2
769,Sandygast,55,55,80,70,45,15,320,ghost,ground,70,7,0,0,140,1000000,1
770,Palossand,85,75,110,100,75,35,480,ghost,ground,250,7,0,0,60,1000000,2
771,Pyukumuku,55,60,130,30,130,5,410,water,,1.2,7,0,0,60,800000,0
772,Type: Null,95,95,95,95,95,59,534,normal,,120.5,7,0,0,3,1250000,1
773,Silvally,95,95,95,95,95,95,570,normal,,100.5,7,0,0,3,1250000,2
774,Minior,60,100,60,100,60,120,500,rock,flying,40,7,0,0,30,1059860,0
775,Komala,65,115,65,75,95,65,480,normal,,19.9,7,0,0,45,1250000,0
776,Turtonator,60,78,135,91,85,36,485,fire,dragon,212,7,0,0,70,1000000,0
777,Togedemaru,65,98,63,40,73,96,435,electric,steel,3.3,7,0,0,180,1000000,0
778,Mimikyu,55,90,80,50,105,96,476,ghost,fairy,0.7,7,0,0,45,1000000,0
779,Bruxish,68,105,70,70,70,92,475,water,psychic,19,7,0,0,80,1000000,0
780,Drampa,78,60,85,135,91,36,485,normal,dragon,185,7,0,0,70,1000000,0
781,Dhelmise,70,131,100,86,90,40,517,ghost,grass,210,7,0,0,25,1000000,0
782,Jangmo-o,45,55,65,45,45,45,300,dragon,,29.7,7,0,0,45,1250000,1
783,Hakamo-o,55,75,90,65,70,65,420,dragon,fighting,47,7,0,0,45,1250000,2
784,Kommo-o,75,110,125,100,105,85,600,dragon,fighting,78.2,7,0,0,45,1250000,3
785,Tapu Koko,70,115,85,95,75,130,570,electric,fairy,20.5,7,1,0,3,1250000,0
786,Tapu Lele,70,85,75,130,115,95,570,psychic,fairy,18.6,7,1,0,3,1250000,0
787,Tapu Bulu,70,130,115,85,95,75,570,grass,fairy,45.5,7,1,0,3,1250000,0
788,Tapu Fini,70,75,115,95,130,85,570,water,fairy,21.2,7,1,0,3,1250000,0
789,Cosmog,43,29,31,29,31,37,200,psychic,,0.1,7,1,0,45,1250000,1
790,Cosmoem,43,29,131,29,131,37,400,psychic,,999.9,7,1,0,45,1250000,2
791,Solgaleo,137,137,107,113,89,97,680,psychic,steel,230,7,1,0,45,1250000,3
792,Lunala,137,113,89,137,107,97,680,psychic,ghost,120,7,1,0,45,1250000,3
793,Nihilego,109,53,47,127,131,103,570,rock,poison,55.5,7,1,0,45,1250000,0
794,Buzzwole,107,139,139,53,53,79,570,bug,fighting,333.6,7,1,0,25,1250000,0
795,Pheromosa,71,137,37,137,37,151,570,bug,fighting,25,7,1,0,255,1250000,0
796,Xurkitree,83,89,71,173,71,83,570,electric,,100,7,1,0,30,1250000,0
797,Celesteela,97,101,103,107,101,61,570,steel,flying,999.9,7,1,0,25,1250000,0
798,Kartana,59,181,131,59,31,109,570,grass,steel,0.1,7,1,0,255,1250000,0
799,Guzzlord,223,101,53,97,53,43,570,dark,dragon,888,7,1,0,15,1250000,0
800,Necrozma,97,107,101,127,89,79,600,psychic,,230,7,1,0,3,1250000,0
801,Magearna,80,95,115,130,115,65,600,steel,fairy,80.5,7,1,0,3,1250000,0
